"Status","Start Time","Stop Time","Duration in ms","Parent Suite","Suite","Sub Suite","Test Class","Test Method","Name","Description"
"passed","","","3749","","SignInTest","","SignInTest","","signInWithRegisterForm",""
"passed","","","5716","","RedirectTest","","RedirectTest","","redirectToConstructorPageWithConstructorButton",""
"passed","","","5778","","RedirectTest","","RedirectTest","","redirectToUserProfile",""
"passed","","","4487","","SignInTest","","SignInTest","","signInWithForgotPasswordForm",""
"passed","","","3844","","ConstructorRedirectTest","","ConstructorRedirectTest","","redirectToFillingsSection",""
"passed","","","3158","","ConstructorRedirectTest","","ConstructorRedirectTest","","redirectToRollsSection",""
"passed","","","7546","","RedirectTest","","RedirectTest","","redirectToConstructorPageWithLogo",""
"passed","","","3477","","ConstructorRedirectTest","","ConstructorRedirectTest","","redirectToSoucesSection",""
"passed","","","5164","","SignUpTest","","SignUpTest","","signUpUserWithValidData",""
"passed","","","5400","","SignInTest","","SignInTest","","signInWithUserProfileButtonOnHomePage",""
"passed","","","5869","","LogOutTest","","LogOutTest","","redirectToUserProfile",""
"passed","","","3853","","SignInTest","","SignInTest","","signInWithSignInButtonOnHomePage",""
"passed","","","3426","","SignUpTest","","SignUpTest","","signUpUserWithInvalidPassword",""
